{"cameraMode":{"drawMode":0,"name":"Shaded","section":"Shading Mode"},"sceneLighting":true,"audioPlay":false,"sceneViewState":{"showFog":true,"showMaterialUpdate":false,"showSkybox":true,"showFlares":true,"showImageEffects":true,"showParticleSystems":true,"showVisualEffectGraphs":true,"m_FxEnabled":true},"in2DMode":false,"pivot":{"x":7.328850746154785,"y":12.585590362548829,"z":11.229537010192871},"rotation":{"x":0.040790073573589328,"y":0.044570621103048328,"z":-0.0011701309122145177,"w":0.9983196258544922},"size":30.98200798034668,"orthographic":false}