{"cameraMode":{"drawMode":0,"name":"Shaded","section":"Shading Mode"},"sceneLighting":true,"audioPlay":false,"sceneViewState":{"showFog":true,"showMaterialUpdate":false,"showSkybox":true,"showFlares":true,"showImageEffects":true,"showParticleSystems":true,"showVisualEffectGraphs":true,"m_FxEnabled":true},"in2DMode":false,"pivot":{"x":-1215.6636962890625,"y":-187.76466369628907,"z":-1434.744873046875},"rotation":{"x":0.003040220821276307,"y":0.9575064182281494,"z":0.009729612618684769,"w":-0.2886088788509369},"size":1027.5811767578125,"orthographic":false}