{"cameraMode":{"drawMode":0,"name":"Shaded","section":"Shading Mode"},"sceneLighting":false,"audioPlay":false,"sceneViewState":{"showFog":true,"showMaterialUpdate":false,"showSkybox":false,"showFlares":true,"showImageEffects":true,"showParticleSystems":true,"showVisualEffectGraphs":true,"m_FxEnabled":true},"in2DMode":false,"pivot":{"x":31.30425262451172,"y":16.23664093017578,"z":-29.607755661010743},"rotation":{"x":0.11623968183994293,"y":-0.05650912597775459,"z":0.0072746179066598419,"w":0.9917036294937134},"size":1.4309722185134888,"orthographic":false}