{"cameraMode":{"drawMode":0,"name":"Shaded","section":"Shading Mode"},"sceneLighting":true,"audioPlay":false,"sceneViewState":{"showFog":true,"showMaterialUpdate":false,"showSkybox":true,"showFlares":true,"showImageEffects":true,"showParticleSystems":true,"showVisualEffectGraphs":true,"m_FxEnabled":true},"in2DMode":false,"pivot":{"x":6.581655025482178,"y":18.96207046508789,"z":-11.337331771850586},"rotation":{"x":0.0029839135240763427,"y":-0.996448278427124,"z":-0.04457961395382881,"w":-0.07246946543455124},"size":11.828886032104493,"orthographic":false}