{"cameraMode":{"drawMode":0,"name":"Shaded","section":"Shading Mode"},"sceneLighting":true,"audioPlay":false,"sceneViewState":{"showFog":true,"showMaterialUpdate":false,"showSkybox":true,"showFlares":true,"showImageEffects":true,"showParticleSystems":true,"showVisualEffectGraphs":true,"m_FxEnabled":true},"in2DMode":false,"pivot":{"x":61.309913635253909,"y":-9.976593017578125,"z":121.44367980957031},"rotation":{"x":0.1446353942155838,"y":0.09381812810897827,"z":-0.014280200004577637,"w":0.9852628111839294},"size":39.189353942871097,"orthographic":false}