{"cameraMode":{"drawMode":0,"name":"Shaded","section":"Shading Mode"},"sceneLighting":true,"audioPlay":false,"sceneViewState":{"showFog":true,"showMaterialUpdate":false,"showSkybox":true,"showFlares":true,"showImageEffects":true,"showParticleSystems":true,"showVisualEffectGraphs":true,"m_FxEnabled":true},"in2DMode":false,"pivot":{"x":16.69864845275879,"y":11.325008392333985,"z":-8.020920753479004},"rotation":{"x":-0.0011891135945916176,"y":0.029121333733201028,"z":0.000058705685660243034,"w":0.9995946288108826},"size":9.499564170837403,"orthographic":false}