{"cameraMode":{"drawMode":0,"name":"Shaded","section":"Shading Mode"},"sceneLighting":false,"audioPlay":false,"sceneViewState":{"showFog":true,"showMaterialUpdate":false,"showSkybox":false,"showFlares":true,"showImageEffects":true,"showParticleSystems":true,"showVisualEffectGraphs":true,"m_FxEnabled":true},"in2DMode":false,"pivot":{"x":-0.2909661531448364,"y":2.214953899383545,"z":-10.278393745422364},"rotation":{"x":-0.030001042410731317,"y":-0.28971055150032046,"z":0.010697031393647194,"w":-0.9571355581283569},"size":1.3392537832260132,"orthographic":false}