{"cameraMode":{"drawMode":0,"name":"Shaded","section":"Shading Mode"},"sceneLighting":true,"audioPlay":false,"sceneViewState":{"showFog":true,"showMaterialUpdate":false,"showSkybox":true,"showFlares":true,"showImageEffects":true,"showParticleSystems":true,"showVisualEffectGraphs":true,"m_FxEnabled":true},"in2DMode":false,"pivot":{"x":-10.934662818908692,"y":24.56390953063965,"z":-40.67985153198242},"rotation":{"x":0.004770368337631226,"y":0.1274612993001938,"z":-0.0006118019227869809,"w":0.9918386936187744},"size":9.879114151000977,"orthographic":false}