{"cameraMode":{"drawMode":0,"name":"Shaded","section":"Shading Mode"},"sceneLighting":false,"audioPlay":false,"sceneViewState":{"showFog":true,"showMaterialUpdate":false,"showSkybox":false,"showFlares":true,"showImageEffects":true,"showParticleSystems":true,"showVisualEffectGraphs":true,"m_FxEnabled":true},"in2DMode":false,"pivot":{"x":-0.02073725126683712,"y":10.493297576904297,"z":-10.053038597106934},"rotation":{"x":-0.2818533182144165,"y":0.05503731220960617,"z":-0.01686875708401203,"w":-0.9578491449356079},"size":1.2247450351715088,"orthographic":false}